Date,Meters,Celsius,X,Y,Z
17:8:10,97.0,26.31,339,334,431
17:8:11,96.87,26.31,339,334,431
17:8:11,97.6,26.31,339,335,431
17:8:12,96.93,26.31,339,334,431
17:8:13,96.93,26.31,339,329,432
17:8:14,96.56,26.37,308,231,444
17:8:15,96.50,26.37,334,422,465
17:8:16,96.81,26.37,311,98,416
17:8:17,96.75,26.37,310,137,440
17:8:18,96.81,26.37,306,202,434
17:8:19,96.87,26.37,359,443,417
17:8:20,96.68,26.43,241,348,480
17:8:21,96.81,26.43,213,338,442
17:8:22,96.81,26.43,365,248,437
17:8:23,97.6,26.43,393,320,443
17:8:24,96.93,26.43,380,234,449
17:8:25,97.0,26.43,335,328,426
17:8:26,96.87,26.43,339,334,431
17:8:27,96.87,26.43,339,335,431
17:8:28,96.81,26.43,339,334,431
17:8:29,96.81,26.43,339,334,431
17:8:30,96.93,26.43,339,334,431
17:8:31,96.81,26.43,339,334,432
17:8:32,96.87,26.43,339,335,431
17:8:33,96.93,26.43,339,335,432
17:8:34,96.81,26.43,339,335,431
17:8:35,96.93,26.43,339,334,431
17:8:36,96.93,26.43,339,334,432
17:8:37,97.6,26.43,339,335,431
17:8:38,96.93,26.43,339,334,431
17:8:39,96.81,26.43,339,334,432
17:8:40,96.81,26.43,339,335,431
17:8:41,96.68,26.43,339,334,432
17:8:42,96.81,26.43,339,335,431
17:8:43,96.81,26.43,339,334,432
17:8:44,96.68,26.43,339,335,431
17:8:45,96.62,26.43,339,334,431
17:8:46,96.93,26.43,339,335,431
17:8:47,96.62,26.43,339,334,432
17:8:48,96.93,26.43,339,334,431
17:8:49,96.50,26.43,339,334,432
17:8:50,96.56,26.43,339,334,431
17:8:51,96.50,26.43,339,335,431
17:8:52,96.37,26.43,339,335,432
17:8:53,96.37,26.43,339,334,431
17:8:54,96.81,26.43,339,334,431
17:8:55,96.68,26.43,339,335,431
17:8:56,96.68,26.43,339,334,432
17:8:57,96.50,26.43,339,335,431
17:8:58,96.43,26.43,339,334,432
17:8:59,96.50,26.43,339,335,431
17:9:0,96.56,26.43,339,334,431
17:9:1,96.37,26.43,339,334,431
17:9:2,96.50,26.43,339,334,432
17:9:3,96.31,26.43,339,335,431
17:9:4,96.50,26.43,339,334,432
17:9:5,96.68,26.43,339,334,431
17:9:6,96.56,26.43,339,334,432
17:9:7,96.43,26.43,339,335,431
17:9:8,96.43,26.43,339,334,432
17:9:9,96.68,26.43,339,335,431
17:9:10,96.56,26.43,339,334,432
17:9:11,96.62,26.43,339,334,431
17:9:12,96.81,26.43,339,335,431
17:9:13,96.68,26.43,339,334,432
17:9:14,96.50,26.43,339,334,431
17:9:15,96.50,26.43,339,335,432
17:9:16,96.68,26.43,339,335,431
17:9:17,96.43,26.43,339,334,432
17:9:18,96.50,26.43,339,334,431
17:9:19,96.62,26.43,339,334,432
17:9:20,96.68,26.43,339,334,432
17:9:21,96.62,26.43,339,334,431
17:9:22,96.56,26.43,339,334,431
17:9:23,96.62,26.43,339,334,432
17:9:24,96.81,26.43,339,334,432
17:9:25,96.50,26.43,339,334,432
17:9:26,96.37,26.43,339,334,431
17:9:27,96.68,26.43,339,334,432
17:9:28,96.87,26.37,339,335,431
17:9:29,96.75,26.43,339,334,431
17:9:29,96.68,26.43,339,335,431
17:9:30,96.62,26.43,339,334,432
17:9:31,96.50,26.43,339,335,431
17:9:32,96.56,26.37,339,334,432
17:9:33,96.37,26.43,339,335,431
17:9:34,96.37,26.37,339,334,432
17:9:35,96.62,26.37,339,335,431
17:9:36,96.81,26.37,339,334,432
17:9:37,96.81,26.37,339,335,432
17:9:38,96.43,26.37,339,335,431
17:9:39,96.81,26.37,339,334,431
17:9:40,97.0,26.37,339,334,432
17:9:41,96.50,26.37,339,334,432
17:9:42,96.68,26.37,339,335,431
17:9:43,96.87,26.31,339,333,432
17:9:44,96.37,26.37,339,334,432
17:9:45,96.81,26.31,339,335,432
17:9:46,96.87,26.31,339,335,432
17:9:47,96.62,26.31,339,334,432
17:9:48,96.62,26.31,339,335,432
17:9:49,96.31,26.31,339,334,432
17:9:50,96.62,26.31,339,334,432
17:9:51,96.87,26.31,339,334,432
17:9:52,96.62,26.31,339,335,431
17:9:53,96.62,26.31,339,334,432
17:9:54,96.81,26.31,339,335,431
17:9:55,96.68,26.31,339,334,432
17:9:56,96.50,26.31,339,335,432
17:9:57,96.62,26.31,339,334,431
17:9:58,96.68,26.31,339,335,432
17:9:59,96.68,26.31,339,335,432
17:10:0,96.31,26.31,339,335,431
17:10:1,96.68,26.31,339,335,432
17:10:2,96.81,26.31,339,334,432
17:10:3,96.75,26.31,339,334,431
17:10:4,96.75,26.31,339,334,432
17:10:5,96.81,26.31,339,335,431
17:10:6,96.68,26.31,339,335,432
17:10:7,96.81,26.25,339,335,432
17:10:8,96.68,26.31,339,334,432
17:10:9,96.68,26.25,339,335,431
17:10:10,96.43,26.31,339,335,432
17:10:11,96.75,26.25,339,335,432
17:10:12,97.0,26.25,339,334,431
17:10:13,96.81,26.25,339,335,432
17:10:14,96.81,26.25,339,334,432
17:10:15,96.87,26.25,339,334,432
17:10:16,96.68,26.25,339,335,431
17:10:17,96.68,26.25,339,334,432
17:10:18,96.56,26.25,339,335,432
17:10:19,96.75,26.25,339,334,432
17:10:20,96.68,26.25,339,334,432
17:10:21,96.87,26.25,339,335,431
17:10:22,96.56,26.25,339,334,432
17:10:23,96.81,26.25,339,334,432
17:10:24,96.68,26.25,339,335,431
17:10:25,96.75,26.25,339,334,432
17:10:26,96.81,26.25,339,334,432
17:10:27,96.56,26.25,339,334,432
17:10:28,97.0,26.18,339,335,431
17:10:29,96.50,26.25,339,334,431
17:10:30,96.75,26.18,339,335,432
17:10:31,96.81,26.18,339,335,431
17:10:32,96.68,26.18,339,335,431
17:10:33,96.87,26.18,339,335,432
17:10:34,96.81,26.18,339,335,432
17:10:35,96.87,26.18,339,334,432
17:10:36,96.68,26.18,339,334,432
17:10:37,96.56,26.18,339,335,431
17:10:38,96.87,26.18,339,334,432
17:10:39,96.75,26.18,339,335,432
17:10:40,96.68,26.18,339,335,431
17:10:41,97.6,26.18,339,334,432
17:10:42,96.68,26.18,339,334,432
17:10:43,96.81,26.18,339,335,431
17:10:44,97.0,26.18,339,335,431
17:10:45,96.68,26.18,339,334,432
17:10:46,96.75,26.18,339,335,432
17:10:47,97.0,26.12,339,335,431
17:10:48,96.62,26.12,339,334,432
17:10:49,96.93,26.12,339,334,432
17:10:50,96.75,26.12,339,335,431
17:10:51,97.18,26.12,339,334,432
17:10:52,96.62,26.12,339,334,432
17:10:53,97.6,26.12,339,335,432
17:10:54,97.0,26.12,339,335,432
17:10:55,96.81,26.12,339,334,432
17:10:56,96.68,26.12,339,334,432
17:10:57,96.87,26.12,339,335,431
17:10:58,96.81,26.12,339,335,431
17:10:59,96.93,26.12,339,334,432
17:11:0,96.81,26.12,339,335,431
17:11:1,96.75,26.12,339,334,432
17:11:2,96.81,26.12,339,334,432
17:11:3,96.81,26.12,339,334,432
17:11:4,96.81,26.12,339,334,431
17:11:5,97.6,26.12,339,334,432
17:11:6,96.75,26.12,339,335,431
17:11:7,96.87,26.6,339,334,432
17:11:8,96.87,26.12,339,334,432
17:11:9,96.93,26.12,339,335,431
17:11:10,96.68,26.12,339,334,432
17:11:11,96.81,26.12,339,334,432
17:11:12,96.93,26.6,339,335,431
17:11:13,96.81,26.6,339,335,431
17:11:14,96.68,26.12,339,334,432
17:11:15,96.81,26.6,339,334,432
17:11:16,96.75,26.6,339,335,432
17:11:17,96.81,26.6,339,335,432
17:11:18,96.87,26.6,339,334,432
17:11:19,96.68,26.6,339,335,431
17:11:20,96.81,26.6,339,334,432
17:11:21,96.93,26.6,339,335,432
17:11:22,96.93,26.6,339,335,432
17:11:23,96.62,26.6,339,334,432
17:11:24,96.93,26.6,339,334,432
17:11:25,97.0,26.6,339,335,432
17:11:26,96.87,26.6,339,334,432
17:11:27,96.68,26.6,339,335,432
17:11:28,97.18,26.6,339,335,431
17:11:29,96.81,26.6,339,335,431
17:11:30,97.12,26.6,339,334,432
17:11:31,96.93,26.6,339,335,431
17:11:32,96.93,26.6,339,335,432
17:11:33,97.0,26.0,339,334,432
17:11:34,96.93,26.6,339,335,431
17:11:35,96.75,26.6,339,335,432
17:11:36,97.0,26.0,339,334,432
17:11:37,96.81,26.0,339,335,431
17:11:38,96.87,26.0,339,334,432
17:11:39,97.6,26.0,339,334,432
17:11:40,96.68,26.6,339,335,432
17:11:41,96.93,26.0,339,334,432
17:11:42,96.93,26.0,339,335,432
17:11:43,97.12,26.0,339,335,431
17:11:44,96.93,26.0,339,335,432
17:11:45,96.75,26.0,339,334,432
17:11:46,97.25,26.0,339,335,432
17:11:47,96.93,26.0,339,335,431
17:11:48,97.31,26.0,339,334,432
17:11:49,96.93,26.0,339,335,432
17:11:50,97.6,26.0,339,335,431
17:11:51,97.6,26.0,339,334,432
17:11:52,96.93,26.0,339,334,432
17:11:53,97.12,26.0,339,334,432
17:11:54,96.93,26.0,339,335,431
17:11:55,97.0,25.93,339,334,432
17:11:56,96.62,26.0,339,334,431
17:11:57,96.93,25.93,339,335,431
17:11:58,96.87,25.93,339,335,432
17:11:59,97.6,25.93,339,334,432
17:12:0,96.81,25.93,339,334,432
17:12:0,97.18,25.93,339,335,432
17:12:1,96.81,25.93,339,334,432
17:12:2,96.93,25.93,339,335,432
17:12:3,97.6,25.93,339,335,431
17:12:4,97.6,25.93,339,334,432
17:12:5,96.93,25.93,339,335,432
17:12:6,96.87,25.93,339,334,432
17:12:7,96.93,25.93,339,334,432
17:12:8,97.6,25.93,339,335,431
17:12:9,97.0,25.93,339,335,432
17:12:10,97.31,25.93,339,334,432
17:12:11,97.31,25.93,339,335,431
17:12:12,97.6,25.93,339,335,431
17:12:13,97.12,25.93,339,334,432
17:12:14,96.93,25.93,340,335,433
17:12:15,97.31,25.87,339,334,430
17:12:16,97.6,25.93,340,335,431
17:12:17,97.6,25.93,339,335,431
17:12:18,97.50,25.87,339,334,432
17:12:19,97.18,25.87,339,335,431
17:12:20,97.6,25.93,339,334,432
17:12:21,97.31,25.87,339,335,432
17:12:22,97.0,25.93,339,335,432
17:12:23,96.93,25.87,339,335,431
17:12:24,96.87,25.93,339,334,432
17:12:25,97.18,25.87,339,334,432
17:12:26,96.87,25.93,340,334,432
17:12:27,97.6,25.87,340,335,432
17:12:28,96.87,25.93,340,335,432
17:12:29,97.18,25.87,340,335,431
17:12:30,97.0,25.87,340,335,432
17:12:31,96.93,25.87,340,335,432
17:12:32,97.12,25.87,339,334,431
17:12:33,97.25,25.87,339,334,432
17:12:34,97.18,25.87,340,335,431
17:12:35,97.0,25.87,339,334,432
17:12:36,97.6,25.87,340,334,432
17:12:37,97.37,25.87,339,334,432
17:12:38,97.18,25.87,339,334,431
17:12:39,97.25,25.87,339,334,432
17:12:40,97.18,25.87,339,334,432
17:12:41,97.6,25.87,340,334,431
17:12:42,97.0,25.87,339,334,432
17:12:43,97.0,25.87,340,334,432
17:12:44,96.81,25.87,339,335,431
17:12:45,97.6,25.87,339,335,431
17:12:46,97.25,25.87,339,334,431
17:12:47,96.93,25.87,339,334,432
17:12:48,97.31,25.87,339,335,431
17:12:49,96.87,25.87,339,334,432
17:12:50,97.37,25.87,339,334,432
17:12:51,97.31,25.87,339,335,431
17:12:52,96.93,25.93,339,334,432
17:12:53,97.6,25.87,339,334,432
17:12:54,97.6,25.87,339,334,432
17:12:55,97.18,25.87,339,334,432
17:12:56,97.18,25.87,339,334,432
17:12:57,97.25,25.87,339,333,432
17:12:58,97.31,25.87,339,335,431
17:12:59,97.31,25.87,339,335,432
17:13:0,97.6,25.93,339,334,432
17:13:1,97.18,25.93,339,334,432
17:13:2,97.25,25.93,339,335,432
17:13:3,97.31,25.87,339,334,432
17:13:4,97.6,25.93,340,335,431
17:13:5,97.31,25.87,339,335,432
17:13:6,97.0,25.93,339,334,432
17:13:7,97.25,25.87,339,334,432
17:13:8,97.6,25.93,339,335,431
17:13:9,96.93,25.93,339,334,432
17:13:10,97.18,25.87,340,334,432
17:13:11,97.18,25.87,340,334,432
17:13:12,97.12,25.87,339,334,432
17:13:13,97.12,25.87,339,335,431
17:13:14,97.6,25.87,339,335,431
17:13:15,96.93,25.93,339,334,432
17:13:16,96.81,25.93,339,334,432
17:13:17,96.75,25.93,339,335,431
17:13:18,97.0,25.93,339,335,431
17:13:19,97.6,25.93,339,334,432
17:13:20,96.81,25.93,339,335,431
17:13:21,96.93,25.93,339,334,432
17:13:22,97.6,25.93,339,334,432
17:13:23,96.62,25.93,339,335,432
17:13:24,97.18,25.87,339,335,432
17:13:25,96.87,25.93,339,334,432
17:13:26,97.18,25.93,339,335,431
17:13:27,97.18,25.93,339,335,432
17:13:28,96.87,25.93,339,335,432
17:13:29,97.6,25.93,339,335,431
17:13:30,97.6,25.93,339,335,432
17:13:31,97.6,25.93,339,334,431
17:13:32,96.68,25.93,339,334,431
17:13:33,97.18,25.93,339,335,432
17:13:34,96.81,25.93,339,334,432
17:13:35,96.93,25.93,339,335,432
17:13:36,97.6,25.93,339,334,431
17:13:37,96.93,25.93,339,334,432
17:13:38,97.0,25.93,339,334,431
17:13:39,96.87,25.93,339,335,432
17:13:40,96.37,25.93,339,334,432
17:13:41,96.93,25.93,339,335,432
17:13:42,96.81,25.93,339,335,431
17:13:43,96.93,25.93,339,332,432
17:13:44,97.6,25.93,339,334,431
17:13:45,96.68,25.93,339,334,432
17:13:46,96.68,25.93,339,334,432
17:13:47,96.81,25.93,339,334,432
17:13:48,96.75,25.93,339,334,432
17:13:49,96.81,25.93,339,334,432
17:13:50,96.68,25.93,339,335,431
17:13:51,96.81,25.93,339,334,432
17:13:52,96.50,25.93,339,334,432
17:13:53,96.68,25.93,339,334,432
17:13:54,96.62,25.93,339,334,432
17:13:55,96.43,25.93,339,334,432
17:13:56,96.75,25.93,339,334,432
17:13:57,96.62,25.93,340,334,432
17:13:58,96.50,25.93,339,334,432
17:13:59,96.81,25.93,339,334,432
17:14:0,96.50,25.93,339,334,432
17:14:1,96.62,25.93,339,334,432
17:14:2,96.75,25.93,339,334,432
17:14:3,97.0,25.93,339,334,432
17:14:4,96.75,25.93,339,334,431
17:14:5,96.68,25.93,339,334,432
17:14:6,96.62,25.93,339,334,432
17:14:7,96.68,25.93,340,334,431
17:14:8,96.68,25.93,340,334,432
17:14:9,96.56,25.93,339,334,432
17:14:10,96.68,25.93,340,334,432
17:14:11,96.50,25.93,340,334,432
17:14:12,96.62,25.93,339,334,432
17:14:13,96.81,25.93,339,334,432
17:14:14,96.56,25.93,339,334,432
17:14:15,96.62,25.93,339,334,432
17:14:16,96.93,25.93,339,334,432
17:14:17,96.81,25.93,339,334,432
17:14:18,96.81,25.93,339,334,432
17:14:19,96.68,25.93,340,334,431
17:14:20,96.62,25.93,340,334,432
17:14:21,96.25,25.93,339,334,432
17:14:22,96.43,25.93,339,334,432
17:14:23,96.56,25.93,340,334,432
17:14:24,96.37,25.93,339,334,432
17:14:25,96.43,25.93,339,334,432
17:14:26,96.50,25.93,339,334,432
17:14:27,96.31,25.93,339,334,432
17:14:28,96.56,25.93,339,334,432
17:14:29,96.62,25.93,339,334,432
17:14:30,96.68,25.93,339,334,432
17:14:31,96.37,25.93,339,334,432
17:14:31,96.31,25.93,339,334,432
17:14:32,96.37,25.93,339,334,432
17:14:33,96.37,25.93,340,334,431
17:14:34,96.37,25.93,339,334,432
17:14:35,96.37,25.93,340,334,432
17:14:36,96.43,25.93,339,334,432
17:14:37,96.62,25.93,339,334,431
17:14:38,96.62,25.93,339,334,432
17:14:39,96.50,25.93,339,334,432
17:14:40,96.12,25.93,340,334,432
17:14:41,96.37,25.93,340,334,432
17:14:42,96.37,25.93,339,334,432
17:14:43,96.31,25.93,339,334,431
17:14:44,96.50,25.93,339,334,432
17:14:45,96.68,25.93,339,334,432
17:14:46,96.50,25.93,340,334,431
17:14:47,96.68,25.93,339,334,432
17:14:48,96.81,25.93,339,334,432
17:14:49,96.50,25.93,339,334,432
17:14:50,96.25,25.93,339,334,432
17:14:51,96.43,25.93,339,334,432
17:14:52,96.43,25.93,339,334,431
17:14:53,96.50,25.93,339,334,432
17:14:54,96.50,25.93,339,334,432
17:14:55,96.31,25.93,339,334,431
17:14:56,96.31,25.93,340,334,432
17:14:57,96.68,25.93,339,332,432
17:14:58,96.43,25.93,339,334,432
17:14:59,96.12,25.93,339,334,432
17:15:0,96.31,25.93,339,334,432
17:15:1,96.6,25.93,339,334,432
17:15:2,96.12,25.93,339,334,432
17:15:3,96.18,25.93,339,334,432
17:15:4,96.37,25.93,339,334,431
17:15:5,96.12,25.93,339,334,432
17:15:6,96.6,25.93,339,334,432
17:15:7,96.0,25.93,339,334,432
17:15:8,96.6,25.93,339,334,432
17:15:9,96.12,25.93,339,335,431
17:15:10,96.12,25.93,339,334,432
17:15:11,96.25,25.93,339,334,432
17:15:12,96.25,25.93,339,334,432
17:15:13,96.12,25.93,339,334,432
17:15:14,96.12,25.93,339,334,431
17:15:15,96.43,25.87,339,334,432
17:15:16,96.0,25.87,339,335,432
17:15:17,96.31,25.87,339,334,432
17:15:18,96.6,25.87,339,334,432
17:15:19,96.12,25.87,339,335,431
17:15:20,96.12,25.87,339,334,432
17:15:21,96.31,25.87,339,334,432
17:15:22,96.0,25.87,339,335,431
17:15:23,96.37,25.87,339,334,432
17:15:24,96.12,25.87,339,333,432
17:15:25,95.81,25.87,339,334,431
17:15:26,96.12,25.87,339,334,432
17:15:27,96.0,25.87,339,334,432
17:15:28,96.31,25.87,339,335,431
17:15:29,96.12,25.87,339,333,432
17:15:30,95.81,25.87,339,334,432
17:15:31,96.6,25.87,339,334,432
17:15:32,96.56,25.81,339,335,432
17:15:33,96.18,25.87,339,334,432
17:15:34,96.37,25.87,339,334,432
17:15:35,96.62,25.81,339,335,432
17:15:36,96.37,25.87,339,334,432
17:15:37,96.18,25.87,339,335,431
17:15:38,96.12,25.87,339,334,432
17:15:39,96.37,25.87,339,334,432
17:15:40,96.18,25.87,339,334,431
17:15:41,96.12,25.87,339,334,432
17:15:42,96.12,25.87,339,333,432
17:15:43,95.81,25.87,339,334,431
17:15:44,96.12,25.87,339,334,432
17:15:45,96.50,25.81,338,333,432
17:15:46,96.31,25.81,339,334,432
17:15:47,96.37,25.81,339,335,431
17:15:48,96.31,25.81,339,334,432
17:15:49,96.25,25.81,339,334,432
17:15:50,96.31,25.81,339,335,431
17:15:51,96.37,25.81,339,334,432
17:15:52,96.37,25.81,339,334,432
17:15:53,96.37,25.81,339,335,432
17:15:54,96.37,25.81,339,334,432
17:15:55,96.50,25.81,339,334,432
17:15:56,96.12,25.81,339,335,431
17:15:57,96.6,25.81,339,333,432
17:15:58,96.12,25.81,339,334,432
17:15:59,96.50,25.81,339,334,432
17:16:0,96.31,25.81,339,335,431
17:16:1,96.18,25.81,339,334,431
17:16:2,96.37,25.81,339,334,432
17:16:3,96.25,25.81,339,334,432
17:16:4,96.37,25.81,339,335,431
17:16:5,96.31,25.81,339,334,432
17:16:6,96.31,25.81,339,334,431
17:16:7,96.31,25.81,339,335,431
17:16:8,96.18,25.81,339,334,431
17:16:9,96.37,25.81,339,334,432
17:16:10,96.31,25.81,339,335,431
17:16:11,96.50,25.81,339,334,432
17:16:12,96.0,25.81,339,334,432
17:16:13,96.25,25.81,339,334,431
17:16:14,96.12,25.81,339,334,432
17:16:15,96.25,25.81,339,334,431
17:16:16,96.12,25.81,339,335,431
17:16:17,96.43,25.81,339,334,432
17:16:18,96.18,25.81,339,335,431
17:16:19,96.25,25.81,339,334,431
17:16:20,96.12,25.81,339,334,432
17:16:21,96.25,25.81,339,334,432
17:16:22,95.93,25.81,339,334,432
17:16:23,96.6,25.81,339,334,432
17:16:24,96.18,25.81,339,334,432
17:16:25,96.37,25.81,339,334,432
17:16:26,96.6,25.81,339,334,432
17:16:27,96.0,25.81,339,334,432
17:16:28,96.18,25.81,339,334,432
17:16:29,96.12,25.81,339,334,432
17:16:30,96.25,25.81,339,334,432
17:16:31,96.25,25.81,339,334,432
17:16:32,96.18,25.81,339,334,432
17:16:33,95.93,25.81,339,334,432
17:16:34,96.0,25.81,339,334,431
17:16:35,96.12,25.81,339,334,432
17:16:36,96.0,25.81,339,334,432
17:16:37,96.6,25.81,339,334,432
17:16:38,96.0,25.81,339,335,431
17:16:39,96.6,25.75,339,334,432
17:16:40,96.6,25.81,339,334,432
17:16:41,96.6,25.81,339,334,431
17:16:42,96.43,25.75,339,334,432
17:16:43,96.12,25.75,339,334,432
17:16:44,96.6,25.75,339,334,432
17:16:45,96.12,25.75,339,334,432
17:16:46,96.31,25.75,339,334,432
17:16:47,96.43,25.75,339,334,432
17:16:48,96.0,25.75,339,334,432
17:16:49,96.12,25.75,339,334,432
17:16:50,96.18,25.75,339,334,431
17:16:51,96.37,25.75,339,334,432
17:16:52,96.50,25.75,339,334,432
17:16:53,96.25,25.75,339,335,431
17:16:54,96.25,25.75,339,336,430
17:16:55,96.37,25.75,339,334,432
17:16:56,96.25,25.75,339,335,432
17:16:57,95.81,25.75,339,334,432
17:16:58,96.12,25.75,339,334,432
17:16:59,96.43,25.75,339,334,432
17:17:0,96.18,25.75,339,334,432
17:17:1,96.37,25.75,339,334,431
17:17:2,96.25,25.75,339,334,432
17:17:3,96.50,25.75,339,334,432
17:17:4,96.31,25.75,339,335,431
17:17:4,96.25,25.75,339,334,432
17:17:5,96.31,25.75,339,334,432
17:17:6,96.37,25.75,339,335,432
17:17:7,96.37,25.75,339,334,431
17:17:8,96.6,25.75,339,334,432
17:17:9,96.12,25.75,339,335,432
17:17:10,96.0,25.75,339,335,431
17:17:11,96.25,25.75,339,334,432
17:17:12,96.43,25.75,339,335,432
17:17:13,96.50,25.75,339,334,432
17:17:14,96.43,25.75,339,334,432
17:17:15,96.50,25.75,339,335,432
17:17:16,96.43,25.75,339,334,432
17:17:17,96.25,25.75,339,334,432
17:17:18,96.37,25.75,339,334,432
17:17:19,96.43,25.75,339,335,431
17:17:20,96.37,25.75,339,334,432
17:17:21,96.62,25.75,339,335,432
17:17:22,96.43,25.75,339,335,431
17:17:23,96.31,25.75,339,334,432
17:17:24,96.31,25.75,339,334,432
17:17:25,96.37,25.75,339,335,431
17:17:26,96.18,25.75,339,334,432
17:17:27,96.75,25.75,339,334,432
17:17:28,96.12,25.75,339,335,431
17:17:29,96.12,25.75,339,334,432
17:17:30,96.37,25.75,339,334,432
17:17:31,96.37,25.75,339,335,431
17:17:32,96.25,25.75,339,334,432
17:17:33,96.25,25.75,339,334,432
17:17:34,96.18,25.75,339,334,432
17:17:35,96.50,25.75,339,334,432
17:17:36,96.25,25.75,339,334,432
17:17:37,96.25,25.75,339,334,432
17:17:38,96.50,25.75,339,335,432
17:17:39,96.37,25.75,339,334,432
17:17:40,96.37,25.75,339,334,432
17:17:41,96.37,25.75,339,334,431
17:17:42,96.43,25.75,339,335,431
17:17:43,96.50,25.75,339,335,432
17:17:44,96.25,25.75,339,335,431
17:17:45,96.43,25.75,339,334,432
17:17:46,96.62,25.75,339,334,432
17:17:47,96.56,25.75,339,334,432
17:17:48,96.56,25.75,339,335,432
17:17:49,96.81,25.75,339,334,432
17:17:50,96.43,25.75,339,334,432
17:17:51,96.37,25.75,339,335,431
17:17:52,96.50,25.75,339,334,432
17:17:53,96.37,25.75,339,334,432
17:17:54,96.50,25.75,339,335,432
17:17:55,96.43,25.75,339,334,432
17:17:56,96.43,25.75,339,335,432
17:17:57,96.37,25.75,338,335,431
17:17:58,96.31,25.75,339,334,432
17:17:59,96.25,25.75,341,339,441
17:18:0,96.56,25.75,338,335,425
17:18:1,96.56,25.75,339,335,432
17:18:2,96.31,25.75,339,335,432
17:18:3,96.43,25.75,339,334,432
17:18:4,96.37,25.75,339,335,432
17:18:5,96.37,25.75,339,334,432
17:18:6,96.37,25.75,339,334,432
17:18:7,96.31,25.81,339,334,432
17:18:8,96.25,25.81,339,334,431
17:18:9,96.37,25.81,339,335,432
17:18:10,96.18,25.81,338,336,432
17:18:11,96.25,25.81,340,335,432
17:18:12,96.37,25.75,339,334,431
17:18:13,96.50,25.75,340,335,432
17:18:14,96.12,25.81,339,334,432
17:18:15,96.50,25.75,339,335,432
17:18:16,96.25,25.81,339,334,432
17:18:17,96.18,25.81,339,335,432
17:18:18,96.25,25.81,339,335,432
17:18:19,96.43,25.81,339,335,432
17:18:20,96.12,25.81,339,335,432
17:18:21,96.25,25.81,339,335,431
17:18:22,96.43,25.81,339,335,432
17:18:23,96.50,25.81,339,331,432
17:18:24,96.31,25.81,339,335,432
17:18:25,96.12,25.81,339,335,432
17:18:26,96.81,25.75,339,335,432
17:18:27,96.31,25.81,339,335,432
17:18:28,96.18,25.81,339,335,432
17:18:29,96.0,25.81,339,335,432
17:18:30,96.12,25.81,339,335,432
17:18:31,96.37,25.81,339,335,432
17:18:32,96.12,25.81,339,335,432
17:18:33,96.6,25.81,339,335,431
17:18:34,96.25,25.81,339,334,432
17:18:35,96.37,25.81,339,335,432
17:18:36,96.43,25.81,339,335,432
17:18:37,96.56,25.81,339,335,432
17:18:38,96.50,25.81,339,335,432
17:18:39,96.37,25.81,339,335,432
17:18:40,96.43,25.81,339,335,432
17:18:41,96.25,25.81,339,335,432
17:18:42,96.37,25.81,339,335,432
17:18:43,96.12,25.81,339,335,432
17:18:44,96.37,25.81,339,335,432
17:18:45,96.6,25.81,339,335,432
17:18:46,96.56,25.75,339,335,432
17:18:47,96.25,25.75,339,335,432
17:18:48,96.56,25.75,339,335,432
17:18:49,96.43,25.75,339,334,432
17:18:50,96.43,25.75,339,335,432
17:18:51,96.43,25.75,339,335,432
17:18:52,96.37,25.75,339,334,432
17:18:53,96.37,25.75,339,335,432
17:18:54,96.56,25.75,343,331,438
17:18:55,96.68,25.75,352,343,432
17:18:56,96.25,25.75,344,332,430
17:18:57,96.31,25.75,339,336,432
17:18:58,96.50,25.75,340,334,433
17:18:59,96.31,25.75,340,335,432
17:19:0,96.50,25.75,342,342,432
17:19:1,96.50,25.75,340,335,432
17:19:2,96.25,25.75,340,335,432
17:19:3,96.37,25.81,348,314,421
17:19:4,96.50,25.81,343,336,434
17:19:5,96.25,25.81,346,342,431
17:19:6,96.37,25.81,342,335,431
17:19:7,96.18,25.81,342,336,430
17:19:8,96.12,25.81,336,336,433
17:19:9,96.31,25.81,340,337,431
17:19:10,96.25,25.81,345,334,432
17:19:11,96.6,25.87,339,337,431
17:19:12,96.18,25.87,337,340,433
17:19:13,96.37,25.81,338,335,433
17:19:14,96.31,25.81,339,336,432
17:19:15,96.50,25.81,339,337,432
17:19:16,96.56,25.81,339,337,432
17:19:17,96.25,25.81,339,337,432
17:19:18,96.50,25.81,339,337,432
17:19:19,96.31,25.81,339,337,432
17:19:20,96.68,25.81,339,337,432
17:19:21,96.31,25.81,340,337,432
17:19:22,96.50,25.81,339,337,432
17:19:23,96.37,25.81,339,337,432
17:19:24,96.31,25.81,339,337,432
17:19:25,96.31,25.81,339,337,431
17:19:26,96.50,25.81,339,337,432
17:19:27,96.25,25.81,339,337,432
17:19:28,96.37,25.81,339,337,432
17:19:29,96.12,25.81,339,337,432
17:19:30,96.31,25.81,339,337,432
17:19:31,96.68,25.81,339,337,432
17:19:32,96.50,25.81,339,337,432
17:19:33,96.31,25.81,339,337,432
17:19:34,96.31,25.81,339,337,432
17:19:35,96.37,25.81,339,337,432
17:19:36,96.43,25.81,339,337,431
17:19:37,96.31,25.81,339,337,432
17:19:38,96.50,25.81,339,337,431
17:19:38,96.50,25.81,339,337,432
17:19:39,96.43,25.81,339,337,432
17:19:40,96.50,25.81,339,337,432
17:19:41,96.25,25.81,339,337,432
17:19:42,96.50,25.81,339,337,431
17:19:43,96.37,25.81,339,337,432
17:19:44,96.25,25.81,339,337,432
17:19:45,96.37,25.81,339,337,432
17:19:46,96.25,25.81,339,337,431
17:19:47,96.75,25.81,339,337,432
17:19:48,96.37,25.81,339,337,432
17:19:49,96.37,25.81,339,337,432
17:19:50,96.43,25.81,339,337,432
17:19:51,96.62,25.81,339,337,432
17:19:52,96.50,25.81,339,337,432
17:19:53,96.43,25.81,339,337,432
17:19:54,96.50,25.81,339,337,432
17:19:55,96.25,25.81,339,337,432
17:19:56,96.31,25.81,339,337,432
17:19:57,96.62,25.75,339,337,432
17:19:58,96.50,25.81,339,337,432
17:19:59,96.56,25.75,339,337,432
17:20:0,96.50,25.81,339,337,432
17:20:1,96.68,25.75,338,334,431
17:20:2,96.62,25.81,339,337,432
17:20:3,96.56,25.81,339,336,432
17:20:4,96.68,25.75,339,337,432
17:20:5,96.50,25.81,339,337,432
17:20:6,96.68,25.81,339,337,431
17:20:7,96.50,25.81,339,337,432
17:20:8,96.50,25.81,339,337,431
17:20:9,96.50,25.81,339,337,432
17:20:10,96.75,25.75,339,337,432
17:20:11,96.62,25.81,339,337,432
17:20:12,96.43,25.81,339,337,432
17:20:13,96.37,25.75,339,337,432
17:20:14,96.43,25.75,339,337,432
17:20:15,96.25,25.81,339,336,432
17:20:16,96.18,25.75,339,337,432
17:20:17,96.62,25.75,339,337,432
17:20:18,96.50,25.75,339,337,432
17:20:19,96.37,25.81,339,337,431
17:20:20,96.50,25.75,339,337,432
17:20:21,96.37,25.81,332,345,435
17:20:22,96.37,25.81,339,336,433
17:20:23,96.12,25.81,342,339,432
17:20:24,96.31,25.81,340,342,434
17:20:25,96.25,25.81,344,341,433
17:20:26,96.43,25.81,339,337,432
17:20:27,96.31,25.81,339,336,431
17:20:28,96.12,25.81,340,337,431
17:20:29,96.25,25.81,339,337,432
17:20:30,96.25,25.81,339,337,432
17:20:31,96.25,25.81,340,337,431
17:20:32,96.25,25.81,339,337,432
17:20:33,96.50,25.81,340,337,432
17:20:34,96.31,25.81,339,337,432
17:20:35,96.12,25.81,340,337,432
17:20:36,96.12,25.81,339,337,431
17:20:37,96.12,25.81,340,337,432
17:20:38,96.18,25.81,340,337,432
17:20:39,96.6,25.81,339,337,432
17:20:40,96.25,25.81,339,337,432
17:20:41,96.50,25.81,340,337,432
17:20:42,96.31,25.81,339,337,431
17:20:43,96.12,25.81,339,337,431
17:20:44,96.25,25.81,339,337,432
17:20:45,96.25,25.81,339,337,432
17:20:46,96.31,25.81,339,337,432
17:20:47,96.31,25.81,340,337,432
17:20:48,96.31,25.81,339,337,432
17:20:49,96.25,25.81,340,337,432
17:20:50,96.0,25.81,340,337,432
17:20:51,96.37,25.75,339,337,432
17:20:52,96.31,25.81,339,337,432
17:20:53,96.50,25.75,340,337,432
17:20:54,96.50,25.75,340,337,432
17:20:55,96.31,25.75,340,337,432
17:20:56,96.37,25.75,340,337,432
17:20:57,96.50,25.75,340,337,432
17:20:58,96.50,25.75,339,337,432
17:20:59,96.50,25.75,339,337,432
17:21:0,96.56,25.75,340,337,431
17:21:1,96.37,25.75,340,337,432
17:21:2,96.68,25.75,339,337,432
17:21:3,96.56,25.75,339,337,432
17:21:4,96.25,25.75,340,337,432
17:21:5,96.50,25.75,339,337,432
17:21:6,96.37,25.75,339,337,432
17:21:7,96.68,25.75,339,337,432
17:21:8,96.50,25.75,340,337,432
17:21:9,96.68,25.75,339,337,432
17:21:10,96.62,25.75,339,337,431
17:21:11,96.68,25.75,339,337,432
17:21:12,96.68,25.75,339,337,431
17:21:13,96.75,25.75,340,337,432
17:21:14,96.37,25.75,339,337,432
17:21:15,96.87,25.68,339,337,432
17:21:16,96.81,25.75,339,337,432
17:21:17,96.81,25.68,339,337,431
17:21:18,96.87,25.68,339,337,432
17:21:19,96.81,25.68,339,337,431
17:21:20,96.75,25.68,340,337,432
17:21:21,96.87,25.68,340,337,432
17:21:22,96.68,25.68,339,337,432
17:21:23,96.93,25.68,340,337,432
17:21:24,96.50,25.68,340,337,432
17:21:25,96.56,25.68,339,337,431
17:21:26,96.87,25.68,340,337,431
17:21:27,96.68,25.68,339,337,432
17:21:28,96.87,25.68,331,335,433
17:21:29,96.93,25.68,346,333,439
17:21:30,96.68,25.68,339,333,427
17:21:31,96.68,25.68,339,336,432
17:21:32,96.68,25.68,339,336,431
17:21:33,96.87,25.68,339,337,432
17:21:34,97.0,25.68,339,336,432
17:21:35,96.87,25.68,339,336,432
17:21:36,96.81,25.68,339,336,432
17:21:37,96.87,25.68,339,336,432
17:21:38,96.93,25.62,339,336,431
17:21:39,96.81,25.62,339,336,432
17:21:40,97.0,25.62,339,336,432
17:21:41,96.81,25.68,339,336,432
17:21:42,96.87,25.62,339,336,432
17:21:43,96.81,25.62,339,336,432
17:21:44,96.68,25.62,339,336,431
17:21:45,96.62,25.68,339,337,432
17:21:46,96.68,25.68,339,336,432
17:21:47,96.87,25.62,339,336,432
17:21:48,96.50,25.62,339,336,432
17:21:49,96.50,25.62,339,336,432
17:21:50,96.75,25.62,339,336,432
17:21:51,96.56,25.62,339,337,432
17:21:52,96.81,25.62,340,336,432
17:21:53,96.37,25.62,339,338,432
17:21:54,96.62,25.62,339,336,432
17:21:55,96.68,25.62,339,336,432
17:21:56,96.87,25.62,339,336,432
17:21:57,96.50,25.62,339,336,432
17:21:58,96.56,25.62,339,337,432
17:21:59,96.68,25.62,345,340,433
17:22:0,96.81,25.62,339,337,432
17:22:1,96.81,25.62,339,336,432
17:22:2,96.93,25.62,339,337,432
17:22:3,96.68,25.68,339,337,432
17:22:4,96.50,25.68,339,337,432
17:22:5,96.87,25.68,339,337,432
17:22:6,96.75,25.68,339,337,432
17:22:7,96.68,25.68,339,337,432
17:22:8,96.81,25.68,339,337,432
17:22:9,96.62,25.68,338,337,432
17:22:9,96.75,25.68,339,336,431
17:22:10,96.81,25.68,339,337,432
17:22:11,96.50,25.68,338,337,432
17:22:12,96.62,25.68,339,337,432
17:22:13,96.87,25.68,338,337,432
17:22:14,96.56,25.68,338,337,432
17:22:15,96.75,25.68,339,337,432
17:22:16,96.37,25.68,339,337,432
17:22:17,96.37,25.68,339,337,432
17:22:18,96.31,25.68,339,337,432
17:22:19,96.25,25.75,338,337,432
17:22:20,96.81,25.68,339,337,432
17:22:21,96.50,25.68,339,337,432
17:22:22,96.68,25.68,339,337,432
17:22:23,96.50,25.75,339,337,432
17:22:24,96.81,25.68,339,337,432
17:22:25,96.50,25.75,338,337,432
17:22:26,96.50,25.75,339,337,432
17:22:27,96.50,25.75,339,337,432
17:22:28,96.50,25.75,339,336,432
17:22:29,96.50,25.75,338,337,432
17:22:30,96.56,25.75,339,337,431
17:22:31,96.43,25.75,339,337,431
17:22:32,96.37,25.75,339,337,432
17:22:33,96.56,25.75,339,337,432
17:22:34,96.31,25.75,339,337,432
17:22:35,96.50,25.75,339,337,432
17:22:36,96.43,25.75,339,337,432
17:22:37,96.37,25.75,339,337,432
17:22:38,96.50,25.75,339,337,432
17:22:39,96.50,25.75,339,337,432
17:22:40,96.31,25.75,339,337,432
17:22:41,96.12,25.75,339,337,432
17:22:42,96.12,25.75,339,337,432
17:22:43,96.37,25.75,339,337,432
17:22:44,96.37,25.75,339,337,432
17:22:45,96.37,25.75,339,337,432
17:22:46,96.43,25.75,339,337,432
17:22:47,96.37,25.81,339,337,432
17:22:48,96.56,25.75,339,337,431
17:22:49,96.50,25.75,339,337,432
17:22:50,96.50,25.75,338,337,432
17:22:51,96.56,25.75,339,337,432
17:22:52,96.87,25.75,339,337,432
17:22:53,96.37,25.81,339,337,432
17:22:54,96.12,25.81,339,337,431
17:22:55,96.25,25.81,339,337,432
17:22:56,96.56,25.81,339,337,432
17:22:57,96.50,25.81,339,337,432
17:22:58,96.68,25.81,339,337,432
17:22:59,96.50,25.81,339,337,432
17:23:0,96.12,25.81,339,336,431
17:23:1,96.50,25.81,338,337,431
17:23:2,96.25,25.81,338,337,432
17:23:3,96.31,25.81,338,336,432
17:23:4,96.37,25.81,338,337,432
17:23:5,96.31,25.81,338,337,432
17:23:6,96.25,25.81,338,336,431
17:23:7,96.6,25.87,339,337,432
17:23:8,96.37,25.81,338,337,432
17:23:9,96.31,25.81,339,337,432
17:23:10,96.18,25.87,338,337,431
17:23:11,96.31,25.87,338,337,431
17:23:12,96.0,25.87,339,337,431
17:23:13,96.18,25.87,339,337,432
17:23:14,96.12,25.87,339,337,432
17:23:15,96.18,25.87,339,337,432
17:23:16,96.25,25.87,339,337,432
17:23:17,95.81,25.87,338,337,432
17:23:18,96.37,25.87,339,337,432
17:23:19,96.12,25.87,339,337,432
17:23:20,96.50,25.87,338,337,432
17:23:21,96.18,25.87,339,337,431
17:23:22,96.12,25.87,339,337,432
17:23:23,96.31,25.87,338,337,432
17:23:24,96.18,25.87,339,337,432
17:23:25,96.31,25.87,339,337,432
17:23:26,96.0,25.87,339,337,432
17:23:27,96.0,25.87,339,337,432
17:23:28,96.18,25.87,339,337,432
17:23:29,96.12,25.87,339,337,432
17:23:30,96.0,25.87,339,336,432
17:23:31,96.12,25.87,339,337,432
17:23:32,95.93,25.93,339,337,432
17:23:33,96.12,25.87,339,337,432
17:23:34,96.12,25.87,339,337,431
17:23:35,96.25,25.87,339,337,432
17:23:36,96.0,25.93,339,337,432
17:23:37,96.18,25.87,339,337,432
17:23:38,96.12,25.93,339,337,432
17:23:39,95.87,25.93,339,337,432
17:23:40,95.81,25.93,338,337,432
17:23:41,96.6,25.93,339,337,432
17:23:42,95.81,25.93,339,337,432
17:23:43,95.68,25.93,339,337,432
17:23:44,95.81,25.93,339,337,431
17:23:45,95.93,25.93,338,337,431
17:23:46,96.6,25.93,339,337,432
17:23:47,96.12,25.93,339,337,432
17:23:48,95.81,25.93,338,337,432
17:23:49,96.6,25.93,339,337,432
17:23:50,96.12,25.93,339,337,431
17:23:51,96.6,25.93,339,337,432
17:23:52,96.0,25.93,338,337,432
17:23:53,96.56,25.93,339,337,432
17:23:54,96.12,25.93,339,337,432
17:23:55,96.0,25.93,339,337,432
17:23:56,95.87,25.93,338,337,432
17:23:57,96.25,25.93,338,337,432
17:23:58,96.0,25.93,339,337,432
17:23:59,96.0,25.93,339,337,432
17:24:0,95.93,25.93,339,337,432
17:24:1,96.6,25.93,339,337,432
17:24:2,95.93,25.93,339,337,431
17:24:3,95.68,26.0,339,337,432
17:24:4,95.93,26.0,339,337,432
17:24:5,96.6,25.93,339,337,432
17:24:6,95.87,26.0,339,337,432
17:24:7,96.0,26.0,338,337,432
17:24:8,95.68,26.0,339,337,432
17:24:9,96.0,26.0,339,337,432
17:24:10,95.56,26.0,338,336,431
17:24:11,95.62,26.0,338,337,432
17:24:12,95.87,26.0,338,337,432
17:24:13,95.56,26.0,339,337,432
17:24:14,96.0,26.0,339,337,432
17:24:15,95.75,26.0,339,337,432
17:24:16,95.81,26.0,339,337,432
17:24:17,95.87,26.0,339,337,432
17:24:18,95.81,26.0,339,337,432
17:24:19,95.81,26.0,339,337,432
17:24:20,95.75,26.0,339,337,431
17:24:21,95.81,26.0,339,337,432
17:24:22,95.81,26.0,339,337,432
17:24:23,95.68,26.0,339,337,432
17:24:24,95.81,26.0,339,337,432
17:24:25,95.68,26.0,338,337,432
17:24:26,95.50,26.0,339,337,432
17:24:27,95.75,26.0,339,337,432
17:24:28,95.81,26.0,339,337,432
17:24:29,95.56,26.0,339,337,432
17:24:30,95.56,26.0,339,337,432
17:24:31,95.43,26.6,339,337,432
17:24:32,95.56,26.6,339,337,432
17:24:33,95.68,26.0,339,337,432
17:24:34,95.50,26.6,339,337,431
17:24:35,95.56,26.0,339,337,432
17:24:36,95.43,26.6,339,337,432
17:24:37,95.43,26.6,339,337,432
17:24:38,95.43,26.6,339,337,432
17:24:39,95.62,26.6,339,337,432
17:24:40,95.56,26.6,338,337,432
17:24:41,95.56,26.6,339,337,432
17:24:42,95.68,26.6,339,337,432
17:24:42,95.56,26.6,339,337,432
17:24:43,95.43,26.6,338,337,431
17:24:44,95.75,26.6,338,337,432
17:24:45,95.68,26.6,339,337,431
17:24:46,95.68,26.6,339,337,432
17:24:47,95.50,26.6,339,337,432
17:24:48,95.50,26.6,338,337,431
17:24:49,95.62,26.6,339,337,432
17:24:50,95.68,26.6,339,337,432
17:24:51,95.43,26.6,339,337,431
17:24:52,95.43,26.6,338,337,431
17:24:53,95.56,26.6,339,337,432
17:24:54,95.56,26.6,339,337,432
17:24:55,95.50,26.6,339,337,431
17:24:56,95.50,26.6,339,337,432
17:24:57,95.68,26.6,339,337,431
17:24:58,95.50,26.6,339,337,432
17:24:59,95.50,26.6,338,337,431
17:25:0,95.31,26.6,338,337,432
17:25:1,95.43,26.6,339,336,432
17:25:2,95.50,26.6,338,336,431
17:25:3,95.43,26.12,338,337,432
17:25:4,95.56,26.6,339,337,431
17:25:5,95.56,26.6,339,337,432
17:25:6,95.68,26.6,339,337,432
17:25:7,95.75,26.6,339,337,432
17:25:8,95.43,26.12,339,337,432
17:25:9,95.43,26.12,338,337,432
17:25:10,95.56,26.12,339,337,432
17:25:11,95.43,26.12,339,337,431
17:25:12,95.43,26.12,339,337,432
17:25:13,95.18,26.12,339,337,432
17:25:14,95.31,26.12,339,337,432
17:25:15,95.56,26.12,339,337,432
17:25:16,95.43,26.12,339,337,431
17:25:17,95.56,26.12,339,337,432
17:25:18,95.56,26.12,339,337,432
17:25:19,95.50,26.12,338,337,432
17:25:20,95.43,26.12,339,337,432
17:25:21,95.43,26.12,339,337,432
17:25:22,95.37,26.12,339,337,432
17:25:23,95.25,26.12,339,337,432
17:25:24,95.68,26.12,338,337,432
17:25:25,95.18,26.12,339,337,432
17:25:26,95.31,26.12,337,336,430
17:25:27,95.50,26.12,338,337,432
17:25:28,95.56,26.12,338,337,432
17:25:29,95.43,26.12,339,337,432
17:25:30,95.43,26.12,339,337,432
17:25:31,95.50,26.12,339,336,432
17:25:32,95.50,26.12,339,337,432
17:25:33,95.31,26.12,339,337,431
17:25:34,95.43,26.12,339,337,432
17:25:35,95.37,26.12,339,337,431
17:25:36,95.43,26.12,338,337,432
17:25:37,95.56,26.12,339,337,431
17:25:38,95.31,26.12,338,337,432
17:25:39,95.31,26.12,339,337,432
17:25:40,94.81,26.18,339,337,432
17:25:41,95.18,26.12,339,337,432
17:25:42,95.37,26.12,338,337,432
17:25:43,95.25,26.12,339,337,431
17:25:44,95.43,26.12,339,337,432
17:25:45,95.31,26.12,339,337,432
17:25:46,95.18,26.18,338,336,431
17:25:47,95.43,26.12,339,337,431
17:25:48,95.31,26.18,339,337,432
17:25:49,95.56,26.12,339,336,432
17:25:50,95.18,26.18,339,337,431
17:25:51,95.18,26.18,339,337,431
17:25:52,95.31,26.18,338,337,432
17:25:53,95.25,26.18,339,337,432
17:25:54,95.12,26.18,339,337,431
17:25:55,95.18,26.18,339,337,432
17:25:56,95.25,26.18,339,337,432
17:25:57,95.12,26.18,339,337,432
17:25:58,94.93,26.18,339,337,432
17:25:59,95.6,26.18,339,337,432
17:26:0,95.0,26.18,339,336,432
17:26:1,95.6,26.18,339,337,431
17:26:2,95.18,26.18,339,337,432
17:26:3,95.12,26.18,338,337,432
17:26:4,95.6,26.18,339,337,432
17:26:5,95.18,26.18,339,337,432
17:26:6,95.12,26.18,338,337,432
17:26:7,95.31,26.18,339,337,432
17:26:8,95.12,26.18,338,337,432
17:26:9,95.25,26.18,338,337,431
17:26:10,95.6,26.18,339,337,432
17:26:11,95.12,26.18,339,337,431
17:26:12,95.25,26.18,339,337,431
17:26:13,95.25,26.18,339,337,431
17:26:14,95.6,26.25,339,337,432
17:26:15,95.18,26.18,339,337,432
17:26:16,95.6,26.25,339,337,432
17:26:17,94.93,26.25,339,336,432
17:26:18,95.18,26.18,339,337,432
17:26:19,95.18,26.18,339,337,432
17:26:20,95.6,26.25,339,337,432
17:26:21,95.18,26.25,339,337,432
17:26:22,94.93,26.25,338,337,432
17:26:23,94.93,26.25,339,337,432
17:26:24,94.81,26.25,338,337,432
17:26:25,94.87,26.25,339,337,432
17:26:26,95.6,26.25,338,337,432
17:26:27,95.18,26.25,339,337,432
17:26:28,94.93,26.25,339,337,432
17:26:29,94.81,26.25,339,337,432
17:26:30,95.6,26.25,338,337,432
17:26:31,94.93,26.25,339,336,431
17:26:32,94.93,26.25,338,337,431
17:26:33,95.18,26.25,339,337,431
17:26:34,94.93,26.25,339,337,432
17:26:35,94.81,26.25,339,336,432
17:26:36,95.6,26.25,339,337,431
17:26:37,94.93,26.25,339,337,432
17:26:38,94.87,26.25,339,336,431
17:26:39,95.18,26.25,339,337,431
17:26:40,94.81,26.25,338,337,431
17:26:41,94.68,26.25,339,337,432
17:26:42,94.93,26.25,339,337,432
17:26:43,94.81,26.25,339,337,431
17:26:44,95.0,26.25,339,337,432
17:26:45,94.81,26.25,339,337,431
17:26:46,94.68,26.25,339,337,432
17:26:47,94.75,26.25,339,337,432
17:26:48,94.93,26.25,339,337,431
17:26:49,94.81,26.25,339,337,432
17:26:50,94.81,26.25,338,337,432
17:26:51,95.6,26.25,339,337,432
17:26:52,94.81,26.25,338,337,432
17:26:53,94.81,26.25,339,337,432
17:26:54,94.75,26.25,339,337,432
17:26:55,95.0,26.25,339,337,432
17:26:56,95.6,26.25,339,337,432
17:26:57,95.12,26.25,339,337,432
17:26:58,94.93,26.25,339,337,432
17:26:59,94.81,26.25,339,337,432
17:27:0,94.81,26.25,338,337,432
17:27:1,95.0,26.25,339,337,432
17:27:2,94.87,26.25,339,337,432
17:27:3,94.93,26.31,339,337,432
17:27:4,95.0,26.25,339,337,432
17:27:5,94.87,26.31,339,337,432
17:27:6,95.6,26.25,339,337,431
17:27:7,95.0,26.31,339,337,432
17:27:8,94.75,26.31,339,337,432
17:27:9,95.6,26.25,338,337,432
17:27:10,94.93,26.31,339,337,432
17:27:11,95.12,26.25,339,337,432
17:27:12,94.81,26.31,339,337,432
17:27:12,95.6,26.25,339,337,431
17:27:13,95.0,26.25,339,337,432
17:27:14,94.93,26.25,339,337,432
17:27:15,95.6,26.25,339,337,432
17:27:16,94.93,26.25,338,337,432
17:27:17,94.75,26.31,339,337,432
17:27:18,95.6,26.25,339,337,432
17:27:19,94.81,26.31,338,337,432
17:27:20,94.81,26.31,339,337,432
17:27:21,94.75,26.31,338,337,431
17:27:22,95.6,26.31,339,337,431
17:27:23,94.93,26.31,339,337,432
17:27:24,95.31,26.25,339,337,432
17:27:25,94.81,26.31,339,337,432
17:27:26,94.93,26.31,339,337,432
17:27:27,94.87,26.31,339,337,432
17:27:28,94.93,26.31,339,337,432
17:27:29,94.87,26.31,339,337,431
17:27:30,95.0,26.31,339,337,432
17:27:31,94.93,26.31,339,337,432
17:27:32,94.93,26.31,339,337,432
17:27:33,94.87,26.31,339,337,432
17:27:34,94.75,26.31,338,337,432
17:27:35,94.93,26.31,339,337,431
17:27:36,95.6,26.31,339,337,432
17:27:37,95.18,26.31,339,337,432
17:27:38,94.93,26.31,338,337,432
17:27:39,95.6,26.31,339,337,432
17:27:40,94.93,26.31,339,337,432
17:27:41,94.93,26.31,339,337,432
17:27:42,94.93,26.31,338,337,432
17:27:43,95.6,26.31,338,337,432
17:27:44,95.6,26.31,339,337,432
17:27:45,94.93,26.31,339,336,431
17:27:46,95.0,26.31,339,337,432
17:27:47,95.6,26.31,339,337,432
17:27:48,95.18,26.31,339,337,432
17:27:49,95.6,26.31,338,337,432
17:27:50,95.0,26.31,339,337,432
17:27:51,95.25,26.31,339,337,432
17:27:52,95.0,26.31,339,337,432
17:27:53,95.12,26.31,339,337,432
17:27:54,95.6,26.31,338,337,432
17:27:55,95.18,26.31,338,337,432
17:27:56,95.12,26.31,339,337,432
17:27:57,95.12,26.31,339,337,432
17:27:58,94.93,26.31,339,337,431
17:27:59,94.87,26.31,338,337,432
17:28:0,95.18,26.31,339,337,432
17:28:1,95.18,26.31,339,337,432
17:28:2,94.68,26.31,339,337,432
17:28:3,95.0,26.31,339,337,432
17:28:4,94.68,26.31,338,337,432
17:28:5,94.93,26.31,339,337,432
17:28:6,94.81,26.31,338,337,432
17:28:7,94.81,26.31,339,337,431
17:28:8,95.0,26.31,338,337,431
17:28:9,95.0,26.31,339,337,432
17:28:10,95.6,26.31,339,337,432
17:28:11,95.18,26.31,339,337,432
17:28:12,95.37,26.31,338,337,431
17:28:13,95.6,26.31,338,337,432
17:28:14,95.0,26.31,339,337,432
17:28:15,95.6,26.31,339,337,432
17:28:16,94.87,26.31,339,337,432
17:28:17,94.93,26.31,338,337,432
17:28:18,94.93,26.31,338,337,431
17:28:19,94.56,26.31,338,337,432
17:28:20,94.81,26.31,338,337,432
17:28:21,94.81,26.31,339,337,432
17:28:22,95.6,26.31,338,337,432
17:28:23,95.6,26.31,339,337,432
17:28:24,94.75,26.31,338,337,432
17:28:25,94.81,26.31,338,337,432
17:28:26,94.75,26.31,338,337,431
17:28:27,95.6,26.31,339,337,432
17:28:28,94.93,26.31,339,336,431
17:28:29,95.0,26.31,338,337,431
17:28:30,94.93,26.31,339,337,432
17:28:31,94.93,26.31,338,337,432
17:28:32,95.0,26.31,338,337,432
17:28:33,94.81,26.31,338,337,432
17:28:34,94.75,26.31,338,337,432
17:28:35,95.6,26.31,339,337,431
17:28:36,94.81,26.31,338,337,432
17:28:37,94.87,26.31,338,337,431
17:28:38,94.75,26.31,338,337,431
17:28:39,94.81,26.31,339,337,432
17:28:40,94.68,26.31,339,337,432
17:28:41,94.68,26.31,339,337,432
17:28:42,95.6,26.31,339,337,432
17:28:43,94.68,26.31,339,337,432
17:28:44,95.6,26.31,339,337,432
17:28:45,94.81,26.31,339,337,432
17:28:46,94.87,26.31,339,337,432
17:28:47,94.62,26.31,339,337,432
17:28:48,94.68,26.31,339,337,432
17:28:49,94.81,26.31,339,337,432
17:28:50,94.87,26.31,339,337,431
17:28:51,94.62,26.31,339,337,432
17:28:52,94.81,26.31,338,337,432
17:28:53,94.68,26.31,338,337,432
17:28:54,95.6,26.31,339,337,432
17:28:55,94.68,26.31,338,337,432
17:28:56,94.81,26.31,338,337,432
17:28:57,94.68,26.31,338,337,432
17:28:58,94.56,26.31,339,336,432
17:28:59,94.68,26.31,338,337,432
17:29:0,94.81,26.31,339,337,432
17:29:1,94.68,26.31,339,337,432
17:29:2,94.81,26.31,338,337,432
17:29:3,94.81,26.31,338,337,432
17:29:4,94.81,26.31,338,336,431
17:29:5,94.81,26.31,339,337,432
17:29:6,94.81,26.31,339,337,432
17:29:7,94.87,26.31,339,337,432
17:29:8,94.93,26.31,338,336,432
17:29:9,94.93,26.31,339,337,432
17:29:10,94.68,26.31,339,336,432
17:29:11,94.68,26.31,338,337,432
17:29:12,94.81,26.31,339,337,432
17:29:13,94.68,26.31,339,337,432
17:29:14,94.56,26.31,339,337,431
17:29:15,94.68,26.31,339,337,432
17:29:16,94.68,26.31,337,337,432
17:29:17,94.62,26.31,339,337,432
17:29:18,94.81,26.31,339,337,432
17:29:19,94.56,26.31,339,337,432
17:29:20,94.81,26.31,339,337,432
17:29:21,94.81,26.31,339,337,432
17:29:22,95.0,26.31,339,337,432
17:29:23,94.68,26.31,339,337,432
17:29:24,94.81,26.31,339,337,432
17:29:25,95.0,26.31,339,337,432
17:29:26,94.81,26.31,338,337,431
17:29:27,94.93,26.31,339,337,431
17:29:28,94.93,26.31,339,337,432
17:29:29,94.93,26.31,338,337,432
17:29:30,95.0,26.31,339,337,432
17:29:31,94.81,26.31,339,337,432
17:29:32,95.6,26.31,338,337,432
17:29:33,94.81,26.31,339,337,431
17:29:34,94.75,26.31,338,337,432
17:29:35,94.87,26.31,339,337,431
17:29:36,95.6,26.31,339,337,432
17:29:37,94.93,26.31,339,337,432
17:29:38,95.12,26.31,339,337,432
17:29:39,94.56,26.31,339,337,432
17:29:40,95.0,26.31,339,337,432
17:29:41,95.6,26.31,338,337,431
17:29:41,94.81,26.31,339,337,432
17:29:42,94.93,26.31,339,337,432
17:29:43,95.0,26.31,338,337,432
17:29:44,94.75,26.31,339,337,432
17:29:45,95.6,26.31,338,337,432
17:29:46,94.93,26.31,339,337,432
17:29:47,95.6,26.31,339,337,432
17:29:48,95.12,26.31,339,337,432
17:29:49,94.87,26.31,339,337,432
17:29:50,95.0,26.31,338,337,432
17:29:51,94.87,26.31,339,337,432
17:29:52,94.81,26.31,338,337,432
17:29:53,94.62,26.31,339,337,432
17:29:54,94.56,26.31,339,337,432
17:29:55,94.50,26.31,339,337,432
17:29:56,95.0,26.31,339,337,432
17:29:57,94.75,26.31,338,337,432
17:29:58,94.81,26.31,339,337,432
17:29:59,95.6,26.31,339,337,432
17:30:0,94.93,26.31,339,337,432
17:30:1,94.87,26.31,339,337,432
17:30:2,94.68,26.31,338,337,432
17:30:3,94.93,26.31,339,337,432
17:30:4,94.68,26.31,339,337,432
17:30:5,94.81,26.31,339,337,432
17:30:6,94.81,26.31,339,337,432
17:30:7,94.75,26.37,339,337,432
17:30:8,95.6,26.31,338,337,431
17:30:9,94.68,26.37,338,337,432
17:30:10,94.87,26.31,339,337,432
17:30:11,94.87,26.31,338,337,432
17:30:12,94.87,26.37,338,337,431
17:30:13,94.81,26.37,339,337,432
17:30:14,94.81,26.37,339,337,432
17:30:15,94.81,26.37,338,337,432
17:30:16,94.87,26.37,339,337,431
17:30:17,95.6,26.37,339,337,432
17:30:18,94.93,26.37,339,337,432
17:30:19,95.6,26.31,339,337,432
17:30:20,94.75,26.37,338,336,432
17:30:21,94.93,26.37,339,337,431
17:30:22,94.93,26.37,339,337,432
17:30:23,94.68,26.37,339,336,432
17:30:24,94.68,26.37,339,337,432
17:30:25,94.56,26.37,339,336,432
17:30:26,94.81,26.37,338,337,431
17:30:27,94.68,26.37,339,337,431
17:30:28,94.56,26.37,339,337,431
17:30:29,94.93,26.37,339,337,432
17:30:30,94.68,26.37,338,337,432
17:30:31,94.68,26.37,338,337,431
17:30:32,94.93,26.37,339,337,432
17:30:33,94.81,26.37,338,337,432
17:30:34,94.87,26.37,338,337,432
17:30:35,94.68,26.37,339,336,431
17:30:36,94.81,26.37,339,337,432
17:30:37,94.93,26.37,339,337,431
17:30:38,94.87,26.37,339,337,432
17:30:39,94.62,26.37,338,337,432
17:30:40,94.81,26.37,338,337,432
17:30:41,94.56,26.37,339,337,432
17:30:42,94.62,26.37,339,337,432
17:30:43,94.62,26.37,338,337,432
17:30:44,94.75,26.37,338,337,431
17:30:45,94.81,26.37,338,337,431
17:30:46,95.0,26.37,339,337,432
17:30:47,94.81,26.37,339,337,432
17:30:48,94.56,26.37,339,337,432
17:30:49,94.68,26.37,338,337,432
17:30:50,94.81,26.37,338,337,432
17:30:51,94.81,26.37,339,337,432
17:30:52,94.81,26.37,338,337,432
17:30:53,94.93,26.37,339,337,432
17:30:54,94.56,26.37,339,337,432
17:30:55,94.81,26.37,339,336,431
17:30:56,94.81,26.37,339,337,432
17:30:57,94.68,26.37,339,337,432
17:30:58,94.56,26.37,339,337,432
17:30:59,95.12,26.37,339,337,432
17:31:0,94.56,26.37,339,337,432
17:31:1,94.81,26.37,339,337,432
17:31:2,94.68,26.37,339,337,431
17:31:3,94.75,26.37,339,337,432
17:31:4,95.6,26.37,339,337,431
17:31:5,94.81,26.37,339,337,432
17:31:6,94.62,26.37,339,337,432
17:31:7,94.81,26.37,339,337,432
17:31:8,94.87,26.37,339,337,432
17:31:9,94.81,26.37,339,337,432
17:31:10,94.81,26.37,338,337,432
17:31:11,94.93,26.37,339,337,432
17:31:12,94.81,26.37,339,337,432
17:31:13,94.68,26.37,338,337,432
17:31:14,94.81,26.37,339,337,431
17:31:15,94.56,26.43,339,337,432
17:31:16,94.68,26.37,338,337,432
17:31:17,94.62,26.37,339,337,431
17:31:18,94.68,26.37,339,337,431
17:31:19,94.81,26.37,338,337,432
17:31:20,94.81,26.37,339,337,431
17:31:21,94.68,26.37,338,337,432
17:31:22,94.62,26.43,339,337,432
17:31:23,94.56,26.43,339,337,432
17:31:24,94.62,26.37,339,337,432
17:31:25,94.56,26.37,339,337,432
17:31:26,94.37,26.43,339,337,431
17:31:27,94.62,26.37,339,337,432
17:31:28,94.68,26.37,339,337,432
17:31:29,94.68,26.37,339,337,432
17:31:30,94.75,26.37,339,337,432
17:31:31,94.81,26.37,339,337,432
17:31:32,94.68,26.37,339,337,432
17:31:33,94.68,26.37,338,336,432
17:31:34,94.81,26.37,337,339,432
